tile_id,label,confidence,notes,timestamp,datetime,date,broad_category,hour
tile_63_100,overmapping,medium,,1761707337499,2025-10-29 03:08:57.499,2025-10-29,Overmapping,3
tile_64_113,accurate,medium,,1761707349283,2025-10-29 03:09:09.283,2025-10-29,Accurate,3
tile_17_169,accurate,medium,,1761707358949,2025-10-29 03:09:18.949,2025-10-29,Accurate,3
tile_30_101,undermapping,medium,,1761707364449,2025-10-29 03:09:24.449,2025-10-29,Undermapping,3
tile_61_82,overmapping,medium,,1761707368316,2025-10-29 03:09:28.316,2025-10-29,Overmapping,3
tile_78_114,large-overmapping,medium,,1761707374982,2025-10-29 03:09:34.982,2025-10-29,Overmapping,3
tile_48_118,undermapping,medium,,1761707382948,2025-10-29 03:09:42.948,2025-10-29,Undermapping,3
tile_49_116,accurate,medium,,1761707393200,2025-10-29 03:09:53.200,2025-10-29,Accurate,3
tile_71_91,undermapping,medium,,1761707398299,2025-10-29 03:09:58.299,2025-10-29,Undermapping,3
tile_12_139,large-undermapping,medium,,1761707406999,2025-10-29 03:10:06.999,2025-10-29,Undermapping,3
tile_13_172,overmapping,medium,,1761707434933,2025-10-29 03:10:34.933,2025-10-29,Overmapping,3
tile_70_123,overmapping,medium,,1761707439433,2025-10-29 03:10:39.433,2025-10-29,Overmapping,3
tile_67_84,accurate,medium,,1761707442167,2025-10-29 03:10:42.167,2025-10-29,Accurate,3
tile_89_68,accurate,medium,,1761707458534,2025-10-29 03:10:58.534,2025-10-29,Accurate,3
tile_17_193,large-overmapping,medium,,1761707464367,2025-10-29 03:11:04.367,2025-10-29,Overmapping,3
tile_42_194,overmapping,medium,,1761707475600,2025-10-29 03:11:15.600,2025-10-29,Overmapping,3
tile_73_59,undermapping,medium,,1761707485584,2025-10-29 03:11:25.584,2025-10-29,Undermapping,3
tile_45_135,overmapping,medium,,1761707492217,2025-10-29 03:11:32.217,2025-10-29,Overmapping,3
tile_39_108,accurate,medium,,1761707501934,2025-10-29 03:11:41.934,2025-10-29,Accurate,3
tile_20_153,undermapping,medium,,1761707515317,2025-10-29 03:11:55.317,2025-10-29,Undermapping,3
tile_58_96,overmapping,medium,,1761707525384,2025-10-29 03:12:05.384,2025-10-29,Overmapping,3
tile_38_88,accurate,medium,,1761707529016,2025-10-29 03:12:09.016,2025-10-29,Accurate,3
tile_29_126,overmapping,medium,,1761707533468,2025-10-29 03:12:13.468,2025-10-29,Overmapping,3
tile_19_212,large-undermapping,medium,,1761707540684,2025-10-29 03:12:20.684,2025-10-29,Undermapping,3
tile_19_167,accurate,medium,,1761707551651,2025-10-29 03:12:31.651,2025-10-29,Accurate,3
tile_39_125,large-undermapping,medium,,1761707559685,2025-10-29 03:12:39.685,2025-10-29,Undermapping,3
tile_57_107,accurate,medium,,1761707565569,2025-10-29 03:12:45.569,2025-10-29,Accurate,3
tile_23_91,large-undermapping,medium,,1761707572085,2025-10-29 03:12:52.085,2025-10-29,Undermapping,3
tile_24_187,large-undermapping,medium,,1761707586517,2025-10-29 03:13:06.517,2025-10-29,Undermapping,3
tile_33_199,overmapping,medium,,1761707590902,2025-10-29 03:13:10.902,2025-10-29,Overmapping,3
tile_69_198,accurate,medium,,1761707594335,2025-10-29 03:13:14.335,2025-10-29,Accurate,3
tile_24_182,undermapping,medium,,1761707601752,2025-10-29 03:13:21.752,2025-10-29,Undermapping,3
tile_49_179,undermapping,medium,,1761707614986,2025-10-29 03:13:34.986,2025-10-29,Undermapping,3
tile_79_140,undermapping,medium,,1761707635851,2025-10-29 03:13:55.851,2025-10-29,Undermapping,3
tile_30_150,undermapping,medium,,1761707639469,2025-10-29 03:13:59.469,2025-10-29,Undermapping,3
tile_70_78,overmapping,medium,,1761707643302,2025-10-29 03:14:03.302,2025-10-29,Overmapping,3
tile_37_203,large-overmapping,medium,,1761707651302,2025-10-29 03:14:11.302,2025-10-29,Overmapping,3
tile_36_133,large-overmapping,medium,,1761707662903,2025-10-29 03:14:22.903,2025-10-29,Overmapping,3
tile_68_192,accurate,medium,,1761707678103,2025-10-29 03:14:38.103,2025-10-29,Accurate,3
tile_87_89,undermapping,medium,,1761707685104,2025-10-29 03:14:45.104,2025-10-29,Undermapping,3
tile_75_146,overmapping,medium,,1761707700436,2025-10-29 03:15:00.436,2025-10-29,Overmapping,3
tile_29_202,undermapping,medium,,1761707711553,2025-10-29 03:15:11.553,2025-10-29,Undermapping,3
tile_62_128,accurate,medium,,1761707720069,2025-10-29 03:15:20.069,2025-10-29,Accurate,3
tile_15_172,large-undermapping,medium,,1761707731970,2025-10-29 03:15:31.970,2025-10-29,Undermapping,3
tile_34_141,overmapping,medium,,1761707738553,2025-10-29 03:15:38.553,2025-10-29,Overmapping,3
tile_50_37,large-overmapping,medium,,1761707754821,2025-10-29 03:15:54.821,2025-10-29,Overmapping,3
tile_32_105,overmapping,medium,,1761707765670,2025-10-29 03:16:05.670,2025-10-29,Overmapping,3
tile_21_69,accurate,medium,,1761707776620,2025-10-29 03:16:16.620,2025-10-29,Accurate,3
tile_41_91,accurate,medium,,1761707784721,2025-10-29 03:16:24.721,2025-10-29,Accurate,3
tile_27_136,undermapping,medium,,1761707789637,2025-10-29 03:16:29.637,2025-10-29,Undermapping,3
tile_94_122,overmapping,medium,,1761707802554,2025-10-29 03:16:42.554,2025-10-29,Overmapping,3
tile_9_171,undermapping,medium,,1761707808805,2025-10-29 03:16:48.805,2025-10-29,Undermapping,3
tile_38_98,accurate,medium,,1761707814770,2025-10-29 03:16:54.770,2025-10-29,Accurate,3
tile_49_95,accurate,medium,,1761707822205,2025-10-29 03:17:02.205,2025-10-29,Accurate,3
tile_39_202,overmapping,medium,,1761707826372,2025-10-29 03:17:06.372,2025-10-29,Overmapping,3
tile_84_73,overmapping,medium,,1761707830221,2025-10-29 03:17:10.221,2025-10-29,Overmapping,3
tile_102_94,undermapping,medium,,1761707838538,2025-10-29 03:17:18.538,2025-10-29,Undermapping,3
tile_59_80,accurate,medium,,1761707845954,2025-10-29 03:17:25.954,2025-10-29,Accurate,3
tile_19_116,overmapping,medium,,1761707849005,2025-10-29 03:17:29.005,2025-10-29,Overmapping,3
tile_43_152,undermapping,medium,,1761707854638,2025-10-29 03:17:34.638,2025-10-29,Undermapping,3
tile_57_175,accurate,medium,,1761707860287,2025-10-29 03:17:40.287,2025-10-29,Accurate,3
tile_62_156,accurate,medium,,1761707883655,2025-10-29 03:18:03.655,2025-10-29,Accurate,3
tile_47_122,accurate,medium,,1761707887788,2025-10-29 03:18:07.788,2025-10-29,Accurate,3
tile_82_73,overmapping,medium,,1761707891572,2025-10-29 03:18:11.572,2025-10-29,Overmapping,3
tile_70_168,overmapping,medium,,1761707895055,2025-10-29 03:18:15.055,2025-10-29,Overmapping,3
tile_26_179,accurate,medium,,1761707901722,2025-10-29 03:18:21.722,2025-10-29,Accurate,3
tile_62_212,overmapping,medium,,1761707905222,2025-10-29 03:18:25.222,2025-10-29,Overmapping,3
tile_60_123,undermapping,medium,,1761707909672,2025-10-29 03:18:29.672,2025-10-29,Undermapping,3
tile_43_79,undermapping,medium,,1761707916539,2025-10-29 03:18:36.539,2025-10-29,Undermapping,3
tile_60_210,overmapping,medium,,1761707922339,2025-10-29 03:18:42.339,2025-10-29,Overmapping,3
tile_28_98,accurate,medium,,1761707929256,2025-10-29 03:18:49.256,2025-10-29,Accurate,3
tile_57_109,accurate,medium,,1761707932189,2025-10-29 03:18:52.189,2025-10-29,Accurate,3
tile_30_192,large-overmapping,medium,,1761707941806,2025-10-29 03:19:01.806,2025-10-29,Overmapping,3
tile_37_149,accurate,medium,,1761707947538,2025-10-29 03:19:07.538,2025-10-29,Accurate,3
tile_50_80,accurate,medium,,1761707951273,2025-10-29 03:19:11.273,2025-10-29,Accurate,3
tile_99_96,overmapping,medium,,1761707956040,2025-10-29 03:19:16.040,2025-10-29,Overmapping,3
tile_55_96,accurate,medium,,1761707961989,2025-10-29 03:19:21.989,2025-10-29,Accurate,3
tile_32_197,accurate,medium,,1761707967789,2025-10-29 03:19:27.789,2025-10-29,Accurate,3
tile_47_79,accurate,medium,,1761707970955,2025-10-29 03:19:30.955,2025-10-29,Accurate,3
tile_59_83,accurate,medium,,1761707982057,2025-10-29 03:19:42.057,2025-10-29,Accurate,3
tile_40_127,accurate,medium,,1761708004907,2025-10-29 03:20:04.907,2025-10-29,Accurate,3
tile_60_106,overmapping,medium,,1761708008156,2025-10-29 03:20:08.156,2025-10-29,Overmapping,3
tile_39_92,accurate,medium,,1761708016440,2025-10-29 03:20:16.440,2025-10-29,Accurate,3
tile_13_151,large-undermapping,medium,,1761708030756,2025-10-29 03:20:30.756,2025-10-29,Undermapping,3
tile_70_151,accurate,medium,,1761708038340,2025-10-29 03:20:38.340,2025-10-29,Accurate,3
tile_51_203,large-undermapping,medium,,1761708043757,2025-10-29 03:20:43.757,2025-10-29,Undermapping,3
tile_42_125,large-undermapping,medium,,1761708049391,2025-10-29 03:20:49.391,2025-10-29,Undermapping,3
tile_74_169,large-overmapping,medium,,1761708058424,2025-10-29 03:20:58.424,2025-10-29,Overmapping,3
tile_18_187,undermapping,medium,,1761708066657,2025-10-29 03:21:06.657,2025-10-29,Undermapping,3
tile_56_175,undermapping,medium,,1761708072590,2025-10-29 03:21:12.590,2025-10-29,Undermapping,3
tile_73_70,overmapping,medium,,1761708076807,2025-10-29 03:21:16.807,2025-10-29,Overmapping,3
tile_33_98,undermapping,medium,,1761708081424,2025-10-29 03:21:21.424,2025-10-29,Undermapping,3
tile_47_71,overmapping,medium,,1761708089557,2025-10-29 03:21:29.557,2025-10-29,Overmapping,3
tile_45_75,undermapping,medium,,1761708104057,2025-10-29 03:21:44.057,2025-10-29,Undermapping,3
tile_50_93,overmapping,medium,,1761708109524,2025-10-29 03:21:49.524,2025-10-29,Overmapping,3
tile_30_120,accurate,medium,,1761708114591,2025-10-29 03:21:54.591,2025-10-29,Accurate,3
tile_61_209,undermapping,medium,,1761708126774,2025-10-29 03:22:06.774,2025-10-29,Undermapping,3
tile_4_142,large-undermapping,medium,,1761708131074,2025-10-29 03:22:11.074,2025-10-29,Undermapping,3
tile_87_41,overmapping,medium,,1761708134859,2025-10-29 03:22:14.859,2025-10-29,Overmapping,3
tile_66_57,undermapping,medium,,1761708143925,2025-10-29 03:22:23.925,2025-10-29,Undermapping,3
tile_35_142,overmapping,medium,,1761708146942,2025-10-29 03:22:26.942,2025-10-29,Overmapping,3
tile_45_189,large-undermapping,medium,,1761708151842,2025-10-29 03:22:31.842,2025-10-29,Undermapping,3
